Cluster_Name,Recency,Frequency,Monetary
At Risk Customers,67.1117747440273,4.186006825938566,1818.856885665529
Big Spenders,11.657894736842104,13.95906432748538,8196.169751461988
Loyal Customers,18.462455303933254,2.1120381406436235,538.4078545887962
New Customers,182.72560975609755,1.3304878048780489,352.5293170731707
